首字母,词条,文献,
Key,x,Examined,
,-,Irrelevant or superseded,
,?,Unavailable,
,obs,Item concerned with obsolete words,
,plac,Item concerned with place names,
,plag,Item which plagiarised other people's research,
,,,
x,半浊音,2021，阿久津智，「半濁音」という用語につい，拓殖大学語学研究145，85-106,
obs,保护贸易,2022，孙大权，术语革命 中国近代经济学主要术语的形成，社会科学文献出版社,
obs,,2022，孙大权，术语革命 中国近代经济学主要术语的形成，社会科学文献出版社,
x,报纸,2013，李玲。近代「報紙」、「雜誌」二種概念的起源。東亞觀念史集刊，(4)，391+392-415。https://doi.org/10.29425/JHIEA.201306_(4).0015,
x,,"2024，谷田.中国现代悲剧观的生成与国族话语重构——一个概念翻译史视角[J].南开学报(哲学社会科学版),2024,(03):149-158.",
-,本能,"2015，孙彬.关于西周对“本能”的译介研究——从东西方哲学碰撞的角度[J].日本问题研究,2015,29(02):35-44.",
x,边际效用,2022，孙大权，术语革命 中国近代经济学主要术语的形成，社会科学文献出版社,
x,标本,"2023，朱棠,彭兵.“标本”考释[J].高等日语教育,2023,(02):129-141+184.",
x,,"2024，孙江.博爱，还是友爱——Fraternité的跨文化之旅[J].上海师范大学学报(哲学社会科学版),2024,53(02):5-9.",Author suspends judgement.
obs,,"2017，李飞.再论汉语“博物院”一词的产生与流传——兼谈E考据的某些问题[J].东南文化,2017,(02):104-108.DOI:CNKI:SUN:DNWH.0.2017-02-016.",
obs,簿记学,2022，孙大权，术语革命 中国近代经济学主要术语的形成，社会科学文献出版社,
x,财政,2022，孙大权，术语革命 中国近代经济学主要术语的形成，社会科学文献出版社,
x,产业,2022，孙大权，术语革命 中国近代经济学主要术语的形成，社会科学文献出版社,
+,朝贡体系,"2021，郭嘉辉.近代“朝贡制度”概念的形成——兼论费正清“朝贡制度论”的局限[J].中山大学学报(社会科学版),2021,61(01):84-92.",
+,,"2025，刘文明.“朝贡体系”概念生成及跨文化反思[J].历史研究,2025,(04):28-48+188-189.",
x,成本,2022，孙大权，术语革命 中国近代经济学主要术语的形成，社会科学文献出版社,Doesn't improve on Han-ta.
x,城市,2022，孙大权，术语革命 中国近代经济学主要术语的形成，社会科学文献出版社,
-,出现,2005，吉川明日香，字順の相反する二字漢語—「掠奪−奪掠」「現出−出現」について—，雑誌『太陽』による確立期現代語の研究 『太陽コーパス』研究論文集，国立国語研究所報告122（Research on the Formative Era of Contemporary Japanese Based on the Taiyo Corpus），143-155，博文館新社,
-,处断,2022，何芸芃，明治期における「処理」「処置」「処分」「処断」の意味・用法に関する一考察，国文学研究ノート61，41-56,
-,处分,2022，何芸芃，明治期における「処理」「処置」「処分」「処断」の意味・用法に関する一考察，国文学研究ノート61，41-56,
-,处理,2022，何芸芃，明治期における「処理」「処置」「処分」「処断」の意味・用法に関する一考察，国文学研究ノート61，41-56,
-,处置,2022，何芸芃，明治期における「処理」「処置」「処分」「処断」の意味・用法に関する一考察，国文学研究ノート61，41-56,
x,,"2025，刘迎胜.汉文“大西洋”名称来源考论[J].历史研究,2025,(04):4-27+188.",Doesn't engage with P'ang's (2019) argument that Huang's 大西洋國 was in Arabia.
x,单利,2022，孙大权，术语革命 中国近代经济学主要术语的形成，社会科学文献出版社,
x,地方债,2022，孙大权，术语革命 中国近代经济学主要术语的形成，社会科学文献出版社,
x,地租,2022，孙大权，术语革命 中国近代经济学主要术语的形成，社会科学文献出版社,
x,,2022，孙大权，术语革命 中国近代经济学主要术语的形成，社会科学文献出版社,
x,,2022，藍弘岳（2022）。「帝國」概念在漢文圈的翻譯與流傳：從幕末日本到清末中國。中央研究院歷史語言研究所集刊，213-272,
x,,2012，陳力衛。「帝國主義」考源。東亞觀念史集刊，(3)，363-365+367-382,
-,点,2024，奥山光，「点」の抽象化について―近代漢語研究の視点から―，日本語学会2024年度春季大会预稿集，18-24,oral only
x,顶点,2025，奥山光，漢語「頂点」の展開，日本語学論集(21)，(71)216-(98)189,
obs,,2022，孙大权，术语革命 中国近代经济学主要术语的形成，社会科学文献出版社,
x,对于,"2024，薛桂谭.汉日语言接触视域下新兴介词“对于”的形成[J].日本学研究,2024,(01):109-123+367.",
-,夺掠,2005，吉川明日香，字順の相反する二字漢語—「掠奪−奪掠」「現出−出現」について—，雑誌『太陽』による確立期現代語の研究 『太陽コーパス』研究論文集，国立国語研究所報告122（Research on the Formative Era of Contemporary Japanese Based on the Taiyo Corpus），143-155，博文館新社,
x,,2022，阿久津智，「発音」という語について，拓殖大学 語学研究146，1-26,
x,,2022，孙大权，术语革命 中国近代经济学主要术语的形成，社会科学文献出版社,
x,法国大革命,2018，蒲春，晚清民初文学语境下的“法国大革命”观念译介——以王韬、梁启超、曾朴为考察中心，南洋理工大学博士论文,
obs,翻译官,"2002，司佳.从“通事”到“翻译官”——论近代中外语言接触史上的主、被动角色的转移[J].复旦学报(社会科学版),2002,(03):44-50.",
obs,,"2024，许文胜,刘巧玲.历史文献学视角下“翻译官”称谓起源与流变[J].外语教学,2024,45(01):90-94.",
-,非（接头词）,2023，小椋秀秀樹，明治期から平成期における接頭辞「非－」の変遷，国語語彙史の研究42，(208)97-116(189)，和泉書院,
x,飞机,"2024，王坤,原文杰.“飞机”一词的由来和概念变迁[J].自然辩证法通讯,2024,46(01):1-8.",
x,分词,"2024，佟艺辰，“分词”考源，或問No.46,pp.117-128",
x,分配,2022，孙大权，术语革命 中国近代经济学主要术语的形成，社会科学文献出版社,
x,风险,2022，孙大权，术语革命 中国近代经济学主要术语的形成，社会科学文献出版社,
x,敷衍,"1995，周建成.“敷衍”小释[J].语文知识,1995,(04):17-18.",
x,,"2025，曾媛琪,翟亚利.中日同形词“敷衍”的语义演变[J].语言与文化研究,2025,33(02):33-37",Doesn't confront the possibility of 敷衍(2) in the Chu quote.
x,妇女,"2024，刘迪,谭好,唐慕琳,等.从晚清民国报刊看“妇女”概念的变迁[J].数字人文,2024,(01):182-216.",
x,复利,2022，孙大权，术语革命 中国近代经济学主要术语的形成，社会科学文献出版社,
x,赋税,2022，孙大权，术语革命 中国近代经济学主要术语的形成，社会科学文献出版社,Is Edkins (1892) really the point at which the distinction between 賦 & 税 got lost?
x,高利贷,2022，孙大权，术语革命 中国近代经济学主要术语的形成，社会科学文献出版社,
x,固定资本,2022，孙大权，术语革命 中国近代经济学主要术语的形成，社会科学文献出版社,
obs,,"2024，欧梦越.“小己”的诞生：严复对西方“个人”知识概念的译介[J].重庆大学学报(社会科学版),2024,30(02):157-169.",
obs,格式塔,2022，周志煌（2022）。作為反機械主義的「格式塔」（Gestalt）概念在中國民初知識界的接受及闡釋。東亞觀念史集刊，(20)，137-186,
obs,格致学,"1990，王果明.从“格致学”到“科学”——近代中国对“科学”认识的深化[J].中州学刊,1990(02):38-43.",
obs,,"2007，张帆.近代“格致学”的传播与辨义[J].学术研究,2007(10):99-106+160.",
x,,2022，孙大权，术语革命 中国近代经济学主要术语的形成，社会科学文献出版社,
x,工商管理,2022，孙大权，术语革命 中国近代经济学主要术语的形成，社会科学文献出版社,
x,工业,2022，孙大权，术语革命 中国近代经济学主要术语的形成，社会科学文献出版社,
x,工业化,2022，孙大权，术语革命 中国近代经济学主要术语的形成，社会科学文献出版社,The 譯林 quote for 工業革命 antedates the 新民叢報 one by several months.
x,工资,2022，孙大权，术语革命 中国近代经济学主要术语的形成，社会科学文献出版社,
x,公平,2022，孙大权，术语革命 中国近代经济学主要术语的形成，社会科学文献出版社,
x,,2022，孙大权，术语革命 中国近代经济学主要术语的形成，社会科学文献出版社,
x,,2022，孙大权，术语革命 中国近代经济学主要术语的形成，社会科学文献出版社,
x,,2022，孙大权，术语革命 中国近代经济学主要术语的形成，社会科学文献出版社,
x,,2011，陳力衛。近代中日概念的形成及其相互影響—以「民主」與「共和」為例。東亞觀念史集刊，(1)，149-177。https://doi.org/10.29425/JHIEA.201112_(1).0006,
x,供给,2022，孙大权，术语革命 中国近代经济学主要术语的形成，社会科学文献出版社,
x,股票,2022，孙大权，术语革命 中国近代经济学主要术语的形成，社会科学文献出版社,
x,管理,2022，孙大权，术语革命 中国近代经济学主要术语的形成，社会科学文献出版社,Huang's 管理 is an obsolete sense.
obs,规费,2022，孙大权，术语革命 中国近代经济学主要术语的形成，社会科学文献出版社,
x,国际贸易,2022，孙大权，术语革命 中国近代经济学主要术语的形成，社会科学文献出版社,
obs,国际主义,2025，宋逸炜，国际主义，学衡尔雅文库，江苏人民出版社,
-,,2016，鄭文惠、邱偉雲。從「概念」到「概念群」：《新民叢報》「國家」與「教育」觀念的互動與形塑。東亞觀念史集刊，(10)，37-102。,
obs,国家学,2025，王鸿，重建意义之网:清末民初的观念革命与思想变迁，上海人民出版社,
x,国民所得,2022，孙大权，术语革命 中国近代经济学主要术语的形成，社会科学文献出版社,
obs,,2024，李冬松，梁启勋学术背景及其“国民性”借词首用书证研究，神戸学院大学グローバル・コミュニケーション学会紀要第9号，43-56,
-,,2012，イ・ヨンスク，「国語」という思想，岩波書店,
-,,2022，李妍淑著，王晴译，作为思想的「国语」，三联书店,
x,国债,2022，孙大权，术语革命 中国近代经济学主要术语的形成，社会科学文献出版社,
x,合作,2022，孙大权，术语革命 中国近代经济学主要术语的形成，社会科学文献出版社,
obs,合作社,2022，孙大权，术语革命 中国近代经济学主要术语的形成，社会科学文献出版社,
plac,黑山,2023，中澤拓哉，近代日本におけるモンテネグロの国名表記――幕末・明治期を中心に，或問No.43.63-77,
obs,黑死病,2006，王敏東，蘇仁亮，從「瘟疫」/「黑死病」到「鼠疫」─―中日疾病名稱考源，或問，第11号，77-83,
x,汇率,2022，孙大权，术语革命 中国近代经济学主要术语的形成，社会科学文献出版社,
-,活动,2019，渡辺陽子，「生」「活」を造語成分とし共通語基をもつ近代類義二字漢語:「生計-活計」「生気-活気」等10組，学習院大学人文科学論集28，115-153,
-,活发,2019，渡辺陽子，「生」「活」を造語成分とし共通語基をもつ近代類義二字漢語:「生計-活計」「生気-活気」等10組，学習院大学人文科学論集28，115-153,
-,活计,2019，渡辺陽子，「生」「活」を造語成分とし共通語基をもつ近代類義二字漢語:「生計-活計」「生気-活気」等10組，学習院大学人文科学論集28，115-153,
-,活路,2019，渡辺陽子，「生」「活」を造語成分とし共通語基をもつ近代類義二字漢語:「生計-活計」「生気-活気」等10組，学習院大学人文科学論集28，115-153,
-,活命,2019，渡辺陽子，「生」「活」を造語成分とし共通語基をもつ近代類義二字漢語:「生計-活計」「生気-活気」等10組，学習院大学人文科学論集28，115-153,
-,活气,2019，渡辺陽子，「生」「活」を造語成分とし共通語基をもつ近代類義二字漢語:「生計-活計」「生気-活気」等10組，学習院大学人文科学論集28，115-153,
-,活杀,2019，渡辺陽子，「生」「活」を造語成分とし共通語基をもつ近代類義二字漢語:「生計-活計」「生気-活気」等10組，学習院大学人文科学論集28，115-153,
-,活体,2019，渡辺陽子，「生」「活」を造語成分とし共通語基をもつ近代類義二字漢語:「生計-活計」「生気-活気」等10組，学習院大学人文科学論集28，115-153,
-,活物,2019，渡辺陽子，「生」「活」を造語成分とし共通語基をもつ近代類義二字漢語:「生計-活計」「生気-活気」等10組，学習院大学人文科学論集28，115-153,
-,活业,2019，渡辺陽子，「生」「活」を造語成分とし共通語基をもつ近代類義二字漢語:「生計-活計」「生気-活気」等10組，学習院大学人文科学論集28，115-153,
x,,2022，孙大权，术语革命 中国近代经济学主要术语的形成，社会科学文献出版社,The author fails to give full weight to the fact that 後漢書 was read in every generation and the influence of something like 貨幣雜用布帛金粟 extends throughout history.
x,货币本位,2022，孙大权，术语革命 中国近代经济学主要术语的形成，社会科学文献出版社,
x,霍乱,2023，王海姣，近代霍乱概念的断裂与重塑——基于《驻华医报撮要》的考察，或問No.44.141-157,
x,机会成本,2022，孙大权，术语革命 中国近代经济学主要术语的形成，社会科学文献出版社,
x,,2022，孙大权，术语革命 中国近代经济学主要术语的形成，社会科学文献出版社,
x,计划经济,2022，孙大权，术语革命 中国近代经济学主要术语的形成，社会科学文献出版社,
obs,,2022，孙大权，术语革命 中国近代经济学主要术语的形成，社会科学文献出版社,
x,价格,2022，孙大权，术语革命 中国近代经济学主要术语的形成，社会科学文献出版社,
x,,2022，孙大权，术语革命 中国近代经济学主要术语的形成，社会科学文献出版社,Fails to distinguish Han-ta's 價値(1) & (2).
x,简单,"2024,謝憶凡、陳淑芬，和製漢語與現代漢語的交融：「簡單」一詞的語源研究，《高雄師大國文學報》第四十期，2024年11月，1-50頁",Misreads 行李簡軍餉廉.
x,间接税,2022，孙大权，术语革命 中国近代经济学主要术语的形成，社会科学文献出版社,
x,,2022，韦芳蕾.清末“健康”概念研究[D].武汉大学硕士论文,
?,江湖,2025，李恭忠，“江湖”：一个前近代的“社会”近似概念，亚洲概念史研究第13卷，商务印书馆,
x,焦虑,2024，Peng Miao，The introduction of the concept of anxiety into China: a thematic historical study，Frontiers in Psychology，Volume 15 - 2024 | https://doi.org/10.3389/fpsyg.2024.1410748,
x,交换,2022，孙大权，术语革命 中国近代经济学主要术语的形成，社会科学文献出版社,
x,交易,2022，孙大权，术语革命 中国近代经济学主要术语的形成，社会科学文献出版社,
-,教授,"1991，龚延明.“教授”起源考[J].浙江学刊,1991,(04):106-107.",
-,,"1999，山民.“教授”考[J].阅读与写作,1999,(09):20-22.",
x,,"2023，朱棠.“教授”考释——词语的东亚环流与词义变迁[J].东北亚外语研究,2023,11(03):58-70.",
-,,2016，鄭文惠、邱偉雲。從「概念」到「概念群」：《新民叢報》「國家」與「教育」觀念的互動與形塑。東亞觀念史集刊，(10)，37-102。,
-,,2014，髙橋圭子，東泉裕子，近代語コーパスにみる「結果」の用法，第6回コーパス日本語学ワークショップ，103-112,
-,,2018，髙橋圭子，東泉裕子，名詞「結果」の用法の拡張―近代語および現代語コーパスの用例より―，社会言語科学21，255-270,
-,,2022，髙橋圭子・東泉裕子，「結果」の語誌，コミュニケーション文化16，57-69，跡見学園女子大学文学部コミュニケーション文化学科,
x,,2020，福田眞人，中国語の「結核」の翻訳の由来，週刊日本医事新報No.5024 (2020年08月08日発行) P.54,
?,,2025，王鸿，重建意义之网:清末民初的观念革命与思想变迁，上海人民出版社,
x,金本位,2022，孙大权，术语革命 中国近代经济学主要术语的形成，社会科学文献出版社,
x,,2022，孙大权，术语革命 中国近代经济学主要术语的形成，社会科学文献出版社,
-,,2016，落合由治。近代日本における進化概念の受容とその変貌─メディア界の言説資料から─。淡江日本論叢，45-69。,
x,,"2024，葛奇蹊.从Evolution到“进化”——一个西方概念传入近代中国的始末[J].文史哲,2024,(06):111-123+164-165.",Misdates 光緒二十二年十二月 to 1896.
x,,2022，孙大权，术语革命 中国近代经济学主要术语的形成，社会科学文献出版社,Doesn't confront Huang's 1876 quote under 經濟(1).
obs,,2022，孙大权，术语革命 中国近代经济学主要术语的形成，社会科学文献出版社,
obs,经济人,2022，孙大权，术语革命 中国近代经济学主要术语的形成，社会科学文献出版社,
x,,2022，孙大权，术语革命 中国近代经济学主要术语的形成，社会科学文献出版社,
x,,2022，孙大权，术语革命 中国近代经济学主要术语的形成，社会科学文献出版社,
x,决算,2022，孙大权，术语革命 中国近代经济学主要术语的形成，社会科学文献出版社,
x,军阀,2022，趙埜均（2022）。「軍閥」概念在民初中國的產生與演變。思與言：人文與社會科學期刊，60(4)，54-120,
x,均衡,2022，孙大权，术语革命 中国近代经济学主要术语的形成，社会科学文献出版社,
x,,2025，田野村忠温，学問名「考古学」の成立，阪大日本語研究37，19-50,
obs,科学社会主义,2022，孙大权，术语革命 中国近代经济学主要术语的形成，社会科学文献出版社,
x,会计学,2022，孙大权，术语革命 中国近代经济学主要术语的形成，社会科学文献出版社,
x,,2022，孙大权，术语革命 中国近代经济学主要术语的形成，社会科学文献出版社,
?,,2025，王鸿，重建意义之网:清末民初的观念革命与思想变迁，上海人民出版社,
x,,2022，孙大权，术语革命 中国近代经济学主要术语的形成，社会科学文献出版社,
x,劳动价值论,2022，孙大权，术语革命 中国近代经济学主要术语的形成，社会科学文献出版社,
x,,2022，孙大权，术语革命 中国近代经济学主要术语的形成，社会科学文献出版社,
obs,乐观主义,"2023，邓牧,谢佳语.中日两国哲学术语optimism译词的形成与演变[J].高等日语教育,2023,(01):103-118+173.",
obs,乐天主义,"2023，邓牧,谢佳语.中日两国哲学术语optimism译词的形成与演变[J].高等日语教育,2023,(01):103-118+173.",
-,,2015，孙彬，西周的哲学译词与中国传统哲学范畴，清华大学出版社,
x,利率,2022，孙大权，术语革命 中国近代经济学主要术语的形成，社会科学文献出版社,
x,利润,2022，孙大权，术语革命 中国近代经济学主要术语的形成，社会科学文献出版社,
x,利息,2022，孙大权，术语革命 中国近代经济学主要术语的形成，社会科学文献出版社,
?,利益,2022，劉淼，『利益』の語史 ―日中語彙交流の視点から―，拓殖大学修士論文,
obs,流动性资本,2022，孙大权，术语革命 中国近代经济学主要术语的形成，社会科学文献出版社,
x,,2022，孙大权，术语革命 中国近代经济学主要术语的形成，社会科学文献出版社,
x,,"2014，聂长顺.中日间近代“伦理学”的厘定[J].人文论丛,2014,(01):215-233.",
-,掠夺,2005，吉川明日香，字順の相反する二字漢語—「掠奪−奪掠」「現出−出現」について—雑誌『太陽』による確立期現代語の研究，『太陽コーパス』研究論文集 国立国語研究所報告122（Research on the Formative Era of Contemporary Japanese Based on the Taiyo Corpus），143-155，博文館新社,
-,马克思,"1985，林琳.关于马克思的最早中译名及日本最早介绍马克思主义的书籍问题[J].安徽大学学报,1985,(02):97-100.",
-,,"2024，胡思遥,胡国胜.马克思中文译名的历史演进、表现特点与社会影响[J].华南师范大学学报(社会科学版),2024,(03):165-177+208.",
x,贸易,2022，孙大权，术语革命 中国近代经济学主要术语的形成，社会科学文献出版社,
x,,"2013，林晓照.清末国粹思潮与“美术”之兴起[J].南方职业教育学刊,2013,3(03):76-82.",
-,,"2014，林晓照.国粹之下:民国初年的“美术”[J].美术学报,2014,(02):39-45.",
x,,2023，邱函妮（2023）。日治前期臺灣「美術」概念的移植與形成—以博覽會與官方展覽會為探討中心。故宮學術季刊，41(1)，105-159,
x,,"2023，刘昕.中国近代“美术”概念的生成及价值取向探究[J].人文天下,2023,(05):86-91.",
x,,"2023，李冰楠.近代中国“艺术”概念的生成与重构[J].人文论丛,2023(1):37-50",
-,,2024，李冰楠，美术，江苏人民出版社，学衡尔雅文库,
x,,"2024，许俊.“中间之驿骑”的转译：20世纪初中日“美术”概念的诞生与发展考略[J].湖北美术学院学报,2024,(03):95-99.",Looks like nobody's interested in 美術(2).
x,,"2024，黄兴涛.“美学”译名再考：花之安与西方美学概念在华早期传播[J].文艺研究,2024,(10):5-16.",
x,,2011，陳力衛。近代中日概念的形成及其相互影響—以「民主」與「共和」為例。東亞觀念史集刊，(1)，149-177。https://doi.org/10.29425/JHIEA.201112_(1).0006,
-,,2020，郭昶欣。「民族」 之建構──近代中日優生思想與政策的比較〔碩士論文，國立臺灣大學〕,
-,敏感,2005，田中牧郎，「敏感」の誕生と定着—『太陽コーパス』を用いて—，日本近代語研究4，31-44，ひつじ書房,
obs,脑质,2025，闵心蕙，“脑质”与“气质”——晚清形塑国民思想的两个关键词，亚洲概念史研究第13卷，商务印书馆,
x,鸟瞰,"2025，骆雪.观看之变——晚清民国时期“鸟瞰”视角的流行及对社会观念的塑造[J].美术,2025,(05):6-14+23.",
x,,2022，孙大权，术语革命 中国近代经济学主要术语的形成，社会科学文献出版社,
x,农业,2022，孙大权，术语革命 中国近代经济学主要术语的形成，社会科学文献出版社,Doesn't make a good case for his idiosyncratic reading of 農業 = farmer in Classical Chinese.
-,品性,"2024，藤野真挙,中山健一，翻訳漢語「品性」の概念構成―言語学と歴史学の共同研究にもとづいて―，日本文化學報102卷，401-420，韓國日本文化學會",
x,,2018，邱偉雲。觀念、語言、權力：中國近代平等概念譬喻的政治再現。東亞觀念史集刊，(14)，45-84。,
x,启蒙运动,2014，陳建守。近代中國概念詞彙之研究與展望：以「文藝復興」和「啟蒙運動」為例。東亞觀念史集刊，(6)，195-251。https://doi.org/10.29425/JHIEA.201406_(6).0004,
x,企业,2022，孙大权，术语革命 中国近代经济学主要术语的形成，社会科学文献出版社,
x,企业家,2022，孙大权，术语革命 中国近代经济学主要术语的形成，社会科学文献出版社,
?,气质,2025，闵心蕙，“脑质”与“气质”——晚清形塑国民思想的两个关键词，亚洲概念史研究第13卷，商务印书馆,
x,轻工业,2022，孙大权，术语革命 中国近代经济学主要术语的形成，社会科学文献出版社,
x,倾销,2022，孙大权，术语革命 中国近代经济学主要术语的形成，社会科学文献出版社,
-,,2025，葛银丽，“青年”概念的创出与发生——基于共产主义视角的考察（1921—1927），亚洲概念史研究第13卷，商务印书馆,
-,情,2010，任鈞華。「情」の文化史：中國人のメンタリティー。漢學研究通訊，29(2)，58-59,
?,情感,2025，范明蕙、邱伟云，情感的重塑——中国古今情感概念的交织与演进，亚洲概念史研究第13卷,
x,,2007，张丽清.难舍的道德帷幕：近代国人人权观念考论[D].中国政法大学博士论文,
x,商品,2022，孙大权，术语革命 中国近代经济学主要术语的形成，社会科学文献出版社,
x,商务,2022，孙大权，术语革命 中国近代经济学主要术语的形成，社会科学文献出版社,
x,商业,2022，孙大权，术语革命 中国近代经济学主要术语的形成，社会科学文献出版社,
obs,商业管理,2022，孙大权，术语革命 中国近代经济学主要术语的形成，社会科学文献出版社,
obs,,2022，孙大权，术语革命 中国近代经济学主要术语的形成，社会科学文献出版社,
x,失神,2020，金香梅，漢語「失神」の語形成について，文獻探究58，40-27,
-,,2019，大田英昭（2019）。「社會主義」概念在日本的傳播與展開。人間思想，(20)，52-68,
x,,2022，孙大权，术语革命 中国近代经济学主要术语的形成，社会科学文献出版社,
-,社交,2021，楊彥彬，社交（sociabilite）：歐洲近代史的核心教學概念。歷史教育，(23)，113-153。,post-1950
x,社区,"2002，胡鸿保,姜振华.从“社区”的语词历程看一个社会学概念内涵的演化[J].学术论坛,2002,(05):123-126.",
x,,"2013，陈鹏.“社区”概念的本土化历程[J].城市观察,2013,(06):163-169.",
x,,"2019，黄杰.“共同体”,还是“社区”?——对“Gemeinschaft”语词历程的文本解读[J].学海,2019,(05):10-15.",
x,,"2019，金小丽.概念史视域下community概念的演化[J].未来传播,2019,26(01):102-108.",
-,,"2020，丁元竹.中文“社区”的由来与发展及其启示——纪念费孝通先生诞辰110周年[J].民族研究,2020,(04):20-29+138.",
x,,"2025，范梦栩.从“共同体”到“社区”——社会学核心概念“community”的中国化[J].山东外语教学,2025,46(04):133-141.",
x,,"2025，贾晓庆,张德禄.知识翻译学视阈下“community”的知识互动化生[J].山东外语教学,2025,46(04):125-132.",
+,神经衰弱,2017，何伶俐，疾病概念的文化建构——以神经衰弱和抑郁症为例，南开大学出版社,
+,,2024，缪蓬，“神经衰弱”在近代中国的“知识旅行”. 中国科技史杂志 45(2): 340-353,
+,审计,2022，孙大权，术语革命 中国近代经济学主要术语的形成，社会科学文献出版社,
+,审计学,2022，孙大权，术语革命 中国近代经济学主要术语的形成，社会科学文献出版社,
+,,2022，孙大权，术语革命 中国近代经济学主要术语的形成，社会科学文献出版社,
+,,2022，孙大权，术语革命 中国近代经济学主要术语的形成，社会科学文献出版社,
+,,2022，孙大权，术语革命 中国近代经济学主要术语的形成，社会科学文献出版社,
+,生产者,2022，孙大权，术语革命 中国近代经济学主要术语的形成，社会科学文献出版社,
+,生产者剩余,2022，孙大权，术语革命 中国近代经济学主要术语的形成，社会科学文献出版社,
+,生动,2019，渡辺陽子，「生」「活」を造語成分とし共通語基をもつ近代類義二字漢語:「生計-活計」「生気-活気」等10組，学習院大学人文科学論集28，115-153,
+,生发,2019，渡辺陽子，「生」「活」を造語成分とし共通語基をもつ近代類義二字漢語:「生計-活計」「生気-活気」等10組，学習院大学人文科学論集28，115-153,
+,,2019，渡辺陽子，「生」「活」を造語成分とし共通語基をもつ近代類義二字漢語:「生計-活計」「生気-活気」等10組，学習院大学人文科学論集28，115-153,
+,生路,2019，渡辺陽子，「生」「活」を造語成分とし共通語基をもつ近代類義二字漢語:「生計-活計」「生気-活気」等10組，学習院大学人文科学論集28，115-153,
+,生命,2019，渡辺陽子，「生」「活」を造語成分とし共通語基をもつ近代類義二字漢語:「生計-活計」「生気-活気」等10組，学習院大学人文科学論集28，115-153,
+,生气,2019，渡辺陽子，「生」「活」を造語成分とし共通語基をもつ近代類義二字漢語:「生計-活計」「生気-活気」等10組，学習院大学人文科学論集28，115-153,
+,生杀,2019，渡辺陽子，「生」「活」を造語成分とし共通語基をもつ近代類義二字漢語:「生計-活計」「生気-活気」等10組，学習院大学人文科学論集28，115-153,
+,生体,2019，渡辺陽子，「生」「活」を造語成分とし共通語基をもつ近代類義二字漢語:「生計-活計」「生気-活気」等10組，学習院大学人文科学論集28，115-153,
+,生物,2019，渡辺陽子，「生」「活」を造語成分とし共通語基をもつ近代類義二字漢語:「生計-活計」「生気-活気」等10組，学習院大学人文科学論集28，115-153,
+,生业,2019，渡辺陽子，「生」「活」を造語成分とし共通語基をもつ近代類義二字漢語:「生計-活計」「生気-活気」等10組，学習院大学人文科学論集28，115-153,
+,剩余价值论,2022，孙大权，术语革命 中国近代经济学主要术语的形成，社会科学文献出版社,
+,实业,2022，孙大权，术语革命 中国近代经济学主要术语的形成，社会科学文献出版社,
+,,2025，王鸿，重建意义之网:清末民初的观念革命与思想变迁，上海人民出版社,
+,市场,2022，孙大权，术语革命 中国近代经济学主要术语的形成，社会科学文献出版社,
+,市民社会,2003，陳子浩（2003）。中國“市民社會”的歷史及其發展。公民訓育學報，(15)，149-168,
+,手数费,2022，孙大权，术语革命 中国近代经济学主要术语的形成，社会科学文献出版社,
+,鼠疫,2006，王敏東，蘇仁亮，從「瘟疫」/「黑死病」到「鼠疫」─―中日疾病名稱考源，或問，第11号，77-83,
+,,2023，余新忠，田宇，鼠疫”概念的形成及其知识史意义，东西方相遇与现代医学的诞生，社会科学文献出版社，2023年5月,
+,,2025，缪蓬，本土话语与外来疫病在近代中国的遭遇：“鼠疫”的翻译概念史. 复旦谈译录，第7辑，35-70,
+,术,"2024，沈国威.西学东渐与近代知识体系的展开——以西周的“学”“术”及“科学”为中心[J].当代外语研究,2024,(02):5-22+69+193.",
+,税,2022，孙大权，术语革命 中国近代经济学主要术语的形成，社会科学文献出版社,
+,税收,2022，孙大权，术语革命 中国近代经济学主要术语的形成，社会科学文献出版社,
+,四大奇书,2021，黃璿璋（2021）。形塑經典：近現代「四大奇書」概念的傳播。東亞觀念史集刊，(19)，63-120,
+,所得税,2022，孙大权，术语革命 中国近代经济学主要术语的形成，社会科学文献出版社,
+,弹性,2022，孙大权，术语革命 中国近代经济学主要术语的形成，社会科学文献出版社,
+,探拼,2022，孙大权，术语革命 中国近代经济学主要术语的形成，社会科学文献出版社,
+,提出,2019，曹青.关于中日同形词“提出”的事例研究[D].杭州师范大学硕士论文,
+,,"2021，何宝年.中日同形词“提出”与「提出」的对比翻译研究[J].汉字文化,2021,(12):28-29.",
+,天,"2012，罗莹.十七世纪来华耶稣会士对儒学概念的译介——以“天”的翻译为例[J].学术研究,2012,(11):26-31+159.",
-,天道,2020，邱伟云，中國近代天道概念的形成與演變－基於數位人文視野，中國文哲研究通訊 30卷2期，31-68,
+,天道,2003，陳瑋芬（2003）。“天道”、“天命”、“王道”概念在近代日本的繼承和轉化－兼論中日帝王的神聖化。中國文哲研究集刊，(23)，235-262。,
+,,2020，邱伟云，中國近代天道概念的形成與演變－基於數位人文視野，中國文哲研究通訊 30卷2期，31-68,
+,天命,2003，陳瑋芬（2003）。“天道”、“天命”、“王道”概念在近代日本的繼承和轉化－兼論中日帝王的神聖化。中國文哲研究集刊，(23)，235-262。,
+,,"2015，李秋霞.对达尔文“进化论”中“evolution”译词的新思考[J].翻译论坛,2015,(02):72-75.",
+,通货膨胀,2022，孙大权，术语革命 中国近代经济学主要术语的形成，社会科学文献出版社,
+,通货紧缩,2022，孙大权，术语革命 中国近代经济学主要术语的形成，社会科学文献出版社,
+,通俗,2014，姜鎔勳。關於「通俗」概念的歷史考察－以1900年代至二十世紀三Ｏ年代韓國為例。東亞觀念史集刊，(7)，393-424。,
+,童话,"1994，朱自强.“童话”词源考──中日儿童文学早年关系侧证[J].东北师大学报,1994,(02):30-35.",
+,,"2017，许思悦,陈勤建.误读与错位:“童话”概念刍议[J].上海师范大学学报(哲学社会科学版),2017,46(05):107-113.",
+,统计学,2022，孙大权，术语革命 中国近代经济学主要术语的形成，社会科学文献出版社,
+,统制经济,2022，孙大权，术语革命 中国近代经济学主要术语的形成，社会科学文献出版社,
+,,2022，孙大权，术语革命 中国近代经济学主要术语的形成，社会科学文献出版社,
+,,2022，孙大权，术语革命 中国近代经济学主要术语的形成，社会科学文献出版社,
+,,2025，奥山光，漢語「透視」の展開，国語語彙史の研究44，149-16,
+,土地,2022，孙大权，术语革命 中国近代经济学主要术语的形成，社会科学文献出版社,
+,外国贸易,2022，孙大权，术语革命 中国近代经济学主要术语的形成，社会科学文献出版社,
+,外汇,2022，孙大权，术语革命 中国近代经济学主要术语的形成，社会科学文献出版社,
+,王道,2003，陳瑋芬。“天道”、“天命”、“王道”概念在近代日本的繼承和轉化－兼論中日帝王的神聖化。中國文哲研究集刊，(23)，235-262,
+,,2024，李穏，「唯心」「唯物」のペアとしての成立と複合語による展開，拓殖大学大学院言語教育研究24号.21-43,
+,唯物史观,2022，孙大权，术语革命 中国近代经济学主要术语的形成，社会科学文献出版社,
+,唯心,2024，李穏，「唯心」「唯物」のペアとしての成立と複合語による展開，拓殖大学大学院言語教育研究24号.21-43,
-,卫生,"2011，余新忠.卫生何为——中国近世的卫生史研究[J].史学理论研究,2011,No.79(03):132-141.",
+,卫生,"2006，余新忠.清代江南的卫生观念与行为及其近代变迁初探——以环境和用水卫生为中心[J].清史研究,2006,(02):12-26.",
+,,2007，张仲民.阅读、表达与集体心态[D].复旦大学博士论文,
+,,"2008，杜志章.论晚清民国时期“卫生”涵义的演变[J].史学月刊,2008,(10):105-110.",
+,,"2008，张仲民.晚清出版的生理卫生书籍及其读者[J].史林,2008,(04):20-36+189.",
+,,"2008，张仲民，卫生、种族与晚清的消费文化——以报刊广告为中心的讨论，或问No.14,1-16",
+,,"2008，张仲民,潘光哲.卫生、种族与晚清的消费文化——以报刊广告为中心的讨论[J].学术月刊,2008,(04):140-147.",
+,,2009，张仲民，出版与文化政治：晚清的“卫生”书籍研究，上海书店出版社,
+,,"2011，余新忠.卫生何为——中国近世的卫生史研究[J].史学理论研究,2011,No.79(03):132-141.",
+,,"2013，张仲民.“卫生”的商业建构——以晚清卫生商品的广告为中心[J].历史教学问题,2013,(05):53-58.",
+,,"2017，聂春燕,李禹阶.近代的“卫生”与民族复兴[J].甘肃社会科学,2017,(02):183-187.",
+,,"2022，高迪思,马迎华,甄橙.晚清时期学校卫生教育形式[J].中国学校卫生,2022,43(09):1288-1292.",
+,,2025，韩学玮.近代中国卫生防疫观念流变研究[D].湖北民族大学硕士论文,
-,瘟疫,"2021，高晞.疫病的现代性:从“瘟疫”到“传染病”的认知嬗变[J].复旦学报(社会科学版),2021,63(01):94-104.",
+,瘟疫,2006，王敏東，蘇仁亮，從「瘟疫」/「黑死病」到「鼠疫」─―中日疾病名稱考源，或問，第11号，77-83,
+,,"2021，高晞.疫病的现代性:从“瘟疫”到“传染病”的认知嬗变[J].复旦学报(社会科学版),2021,63(01):94-104.",
+,,"2006，张龙龙.以“文化”“文明”为个例看译词的演变[J].日语知识,2006,(12):24-25.",
+,,"2006，张龙龙.以“文化”“文明”为个例看译词的演变[J].日语知识,2006,(12):24-25.",
+,,2016，陳瑋芬。近代化願景與概念的形成－試論近代日本新「文明」概念的意義建構與內涵。東亞觀念史集刊，(11)，225-270。,
+,,2025，王鸿，重建意义之网:清末民初的观念革命与思想变迁，上海人民出版社,
+,文明病,2021，曹育愷，誰是患者？民國時期「文明病」的誕生。政大史粹，(36)，125-142,
+,,2014，許倍榕（2014）。日治初期台灣言論界「文學」概念的變化。台灣文學研究，(7)，185+187-232,
+,,2019，胡志德、高文萱（2019）。文學概念的二十世紀轉變。東亞觀念史集刊，(17)，3-38,
+,,2020，林少陽（2020）。世紀之交章太炎的「文學」觀：西力東漸中明治日本言文一致運動及清末的語境。思與言：人文與社會科學期刊，58(1)，167-211,
-,文艺复兴,2023，“文艺复兴”的东亚旅行：兼论和制汉语研究的可能性，亚洲概念史研究第11卷，商务印书馆，52-73,
+,文艺复兴,2014，陳建守。近代中國概念詞彙之研究與展望：以「文藝復興」和「啟蒙運動」為例。東亞觀念史集刊，(6)，195-251。https://doi.org/10.29425/JHIEA.201406_(6).0004,
+,,2023，陈建守，“文艺复兴”的东亚旅行：兼论和制汉语研究的可能性，亚洲概念史研究第11卷，商务印书馆，52-73,
+,无差曲线,2022，孙大权，术语革命 中国近代经济学主要术语的形成，社会科学文献出版社,
+,武士道,2011，藍弘岳（2011）。近現代東亞思想史與「武士道」：傳統的發明與越境。台灣社會研究季刊，(85)，51-88,
-,物理,2021，冯天瑜、聂长顺，三十个关键词的文化史，中国社会科学出版社,
+,物理,"1990，何安明.“物理”的概念及演变(节要)[J].长安大学学报(地球科学版),1990,(03):98-101.",
+,,"1998，张秉伦,胡化凯.中国古代“物理”一词的由来与词义演变[J].自然科学史研究,1998,(01):55-60.",
+,,"2001，蔡铁权.“物理”流变考[J].浙江师大学报(自然科学版),2001,(01):6-11.",
+,,"2016，于冰,于海波.我国“物理”概念的源与流[J].物理教师,2016,37(12):83-85.",
+,,2021，冯天瑜、聂长顺，三十个关键词的文化史，中国社会科学出版社,
+,物理学,"1998，胡升华.“物理学”名称考源[J].科学,1998,50(01):41-44+2.",
+,,"2006，陈嘉映.自然哲学与近代物理学之辨[J].学术月刊,2006,(05):51-54.",
+,物价指数,2022，孙大权，术语革命 中国近代经济学主要术语的形成，社会科学文献出版社,
+,物语,"2022，孙佳琦.“物语”在近现代中国（1890-1949）的概念变迁[D].陕西师范大学硕士论文,2022.",
+,稀少,2022，孙大权，术语革命 中国近代经济学主要术语的形成，社会科学文献出版社,
+,稀缺性,2022，孙大权，术语革命 中国近代经济学主要术语的形成，社会科学文献出版社,
-,细菌,2020，黄兴涛、陈鹏：《“细菌”“病毒”概念的传播与中国现代卫生防疫观念的兴起》，《光明日报》2020年4月20日，第14版。,
-,,2024，缪蓬.科学术语的翻译实践及其概念的语境重置——从“bacterium”到“细菌”[J/OL].上海理工大学学报(社会科学版):1-8,
+,细菌,"2015，姬凌辉.清末民初细菌学的引介与公共卫生防疫机制的构建[D].华中师范大学,2015.",
+,,2020，黄兴涛、陈鹏：《“细菌”“病毒”概念的传播与中国现代卫生防疫观念的兴起》，《光明日报》2020年4月20日，第14版。,
+,,"2024，李秀云,曹芳.“细菌”概念的中国化传播——以《大公报》疫情报道为例[J].新闻爱好者,2024,(11):59-62.",
+,,"2024，缪蓬.科学术语的翻译实践及其概念的语境重置——从“bacterium”到“细菌”[J].上海理工大学学报(社会科学版),2024,46(02):111-117+142.",
+,,2017，神山彰著、詹慕如译。作為娛樂的戲劇及其改變。戲劇學刊，(26)，7-17,
+,夏威夷,2025，田野村忠温，「布哇」の謎の解─この不可解な地名表記の成立過程─，東アジア文化交渉研究第18号，3-18,
+,项目,"2025，曾媛琪.中日同形词“项目”和「項目」的对比探析[J].新楚文化,2025,(15):79-82.",
+,新儒家,"2020，苏费翔.创新与宇宙论:“(Neo-)Confucianism”一词早期的用法[J].湖南大学学报(社会科学版),2020,34(03):29-34.",
+,,"2022，连凡.论西方“Neo-Confucian(ism)”概念的近代演变[J].朱子学研究,2022(1):200-214",
+,,"2022，连凡.“宋明新儒家(学)”概念的流变及其反思[J].清华大学学报(哲学社会科学版),2022,37(05):130-146+211.DOI:10.13613/j.cnki.qhdz.003192.",
+,,"2022，连凡.“Neo-Confucian(ism)”概念的近代流变及其思想史意义[J].基督宗教研究,2022(2):270-289",
+,,"2023，连凡.“Neo-Confucian(ism)”概念的历史演变及其思想史定位[J].浙江大学学报(人文社会科学版),2023,53(02):67-84.",
+,,"2023，连凡.翻译、流传与阐发——冯友兰与“Neo-Confucian(ism)”概念[J].上海交通大学学报(哲学社会科学版),2023,31(11):123-138.",
+,,"2024，连凡.“Neo-Confucian(ism)”概念的翻译、流传与阐发——以冯友兰的学术生涯为中心[J].北京社会科学,2024,(02):44-54.",
+,新儒学,"2020，苏费翔.创新与宇宙论:“(Neo-)Confucianism”一词早期的用法[J].湖南大学学报(社会科学版),2020,34(03):29-34.",
+,,"2022，连凡.论西方“Neo-Confucian(ism)”概念的近代演变[J].朱子学研究,2022(1):200-214",
+,,"2022，连凡.“宋明新儒家(学)”概念的流变及其反思[J].清华大学学报(哲学社会科学版),2022,37(05):130-146+211.DOI:10.13613/j.cnki.qhdz.003192.",
+,,"2022，连凡.“Neo-Confucian(ism)”概念的近代流变及其思想史意义[J].基督宗教研究,2022(2):270-289",
+,,"2023，连凡.“Neo-Confucian(ism)”概念的历史演变及其思想史定位[J].浙江大学学报(人文社会科学版),2023,53(02):67-84.",
+,,"2023，连凡.翻译、流传与阐发——冯友兰与“Neo-Confucian(ism)”概念[J].上海交通大学学报(哲学社会科学版),2023,31(11):123-138.",
+,,"2024，连凡.“Neo-Confucian(ism)”概念的翻译、流传与阐发——以冯友兰的学术生涯为中心[J].北京社会科学,2024,(02):44-54.",
+,,2022，孙大权，术语革命 中国近代经济学主要术语的形成，社会科学文献出版社,
+,信仰,2025，呉佩遥，近代日本の仏教思想と〈信仰〉，法藏館,
+,信用,2022，孙大权，术语革命 中国近代经济学主要术语的形成，社会科学文献出版社,
+,现出,2005，吉川明日香，字順の相反する二字漢語—「掠奪−奪掠」「現出−出現」について—，雑誌『太陽』による確立期現代語の研究 『太陽コーパス』研究論文集，国立国語研究所報告122（Research on the Formative Era of Contemporary Japanese Based on the Taiyo Corpus），143-155，博文館新社,
+,,2022，孙大权，术语革命 中国近代经济学主要术语的形成，社会科学文献出版社,
+,限界效用,2022，孙大权，术语革命 中国近代经济学主要术语的形成，社会科学文献出版社,
+,,2022，孙大权，术语革命 中国近代经济学主要术语的形成，社会科学文献出版社,
+,消费者,2022，孙大权，术语革命 中国近代经济学主要术语的形成，社会科学文献出版社,
+,消费者剩余,2022，孙大权，术语革命 中国近代经济学主要术语的形成，社会科学文献出版社,
-,小己,2009，金观涛、刘青峰，观念史研究：中国现代重要政治术语的形成，法律出版社,
+,小己,"2006，颜德如,贾磊.严复自由观再探:围绕“国群自由”与“小己自由”的分析——以《法意》为中心[J].福建论坛(人文社会科学版),2006,(11):76-82.",
+,,2009，金观涛、刘青峰，观念史研究：中国现代重要政治术语的形成，法律出版社,
+,,"2024，欧梦越.“小己”的诞生：严复对西方“个人”知识概念的译介[J].重庆大学学报(社会科学版),2024,30(02):157-169.",
+,,2025，关诗珮，晚清中国小说观念转译：翻译语“小说”的生成及实践，生活·读书·新知三联书店,
+,效率,2022，孙大权，术语革命 中国近代经济学主要术语的形成，社会科学文献出版社,
+,效用,2022，孙大权，术语革命 中国近代经济学主要术语的形成，社会科学文献出版社,
-,心理,2021，冯天瑜、聂长顺，三十个关键词的文化史，中国社会科学出版社,
-,心理学,2016，冯天瑜等著，近代汉字术语的生成演变与中西日文化互动研究，经济科学出版社,
+,心理,"1998，燕国材.“心理”正名[J].心理科学,1998,(02):97-101+190.",
+,,"2008，胡延峰.留学生与清末民初西方心理学翻译[J].重庆工学院学报(社会科学版),2008,(05):114-117+140.",
+,,"2008，钟年.中文语境下的“心理”和“心理学”[J].心理学报,2008,(06):748-756.",
+,,"2018，阎书昌.晚清时期执权居士创制“心理(学)”一词的考察[J].心理学报,2018,50(08):920-928.",
+,,2021，冯天瑜、聂长顺，三十个关键词的文化史，中国社会科学出版社,
+,心理学,"1983，赵莉如.有关《心灵学》一书的研究[J].心理学报,1983,(04):380-388.",
+,,"1991，赵莉如.中日心理学史上的早期联系与交流[J].心理学报,1991,(02):198-206.",
+,,"1992，赵莉如.关于“心理学”名称在中国何时开始使用问题的修正和补充[J].心理学报,1992,(02):223.",
+,,"2011，阎书昌.中国近代心理学史上的丁韪良及其《性学举隅》[J].心理学报,2011,43(01):101-110.",
+,,"2012，阎书昌.颜永京对西方心理学引入及其汉语心理学术语创制[J].南京师大学报(社会科学版),2012,(04):116-120.",
+,,"2012，聂长顺,王淑贞.近代“心理学”的厘定与中西日文化互动[J].人文论丛,2012,(00):287-303.",
+,,"2015，汪凤炎.汉语“心理学”一词是如何确立的[J].心理学探新,2015,35(03):195-201.",
+,,2016，冯天瑜等著，近代汉字术语的生成演变与中西日文化互动研究，经济科学出版社,
+,,"2017，Wendeng Yang;Haosheng Ye，History of psychology in China: Contributions, challenges, and future[J].Frontiers of History in China 12(2):328-349",
+,,"2018，阎书昌.晚清时期执权居士创制“心理(学)”一词的考察[J].心理学报,2018,50(08):920-928.",
+,,"2019，孙小蕾.颜永京对近代西学传播的贡献[J].国际汉学,2019,(04):88-94+201.DOI:10.19326/j.cnki.2095-9257.2019.04.012.",
+,,"2020，孙彬.从“性理学”到“心理学”——论西周对“psychology”概念的创译[J].西北师大学报(社会科学版),2020,57(06):126-134.",
+,,"2024，阎书昌.狄考文与晚清时期心理学的传播——从心灵学课程最早开设的学校谈起[J].心理学报,2024,56(11):1651-1660.",
+,刑事,2024，劉淼，法律用語「刑事」と「民事」の成立と展開，拓殖大学大学院言語教育研究24号，45-65,
+,性,2015，孙彬，西周的哲学译词与中国传统哲学范畴，清华大学出版社,
+,,"2025，楊力，近代中国における「性」概念の生成，中国研究月報Vol.79 No.5,1-22",
-,,"2022，李书磊. 从“性法”到“自然法”[D].吉林大学硕士论文,2022.",
+,,2020，沙広聡，接尾辞「性」の歴史─日中両語間の相互影響─，大阪大学大学院文学研究科修士論文,
-,性法,2020，沙広聡，接尾辞「性」の歴史─日中両語間の相互影響─，大阪大学大学院文学研究科修士論文,
+,性法,"2022，李书磊. 从“性法”到“自然法”[D].吉林大学硕士论文,2022.",
+,性理学,"2020，孙彬.从“性理学”到“心理学”——论西周对“psychology”概念的创译[J].西北师大学报(社会科学版),2020,57(06):126-134.",
+,,2021，星川睦，近現代における「幸せ」の意味・用法の変化と「幸福」との相互関係，日本語学会2021年度秋季大会予稿集（web公開），43-48,
+,需求,2022，孙大权，术语革命 中国近代经济学主要术语的形成，社会科学文献出版社,
+,虚拟资本,2022，孙大权，术语革命 中国近代经济学主要术语的形成，社会科学文献出版社,
+,学,"2024，沈国威.西学东渐与近代知识体系的展开——以西周的“学”“术”及“科学”为中心[J].当代外语研究,2024,(02):5-22+69+193.",
+,抑郁症,2017，何伶俐，疾病概念的文化建构——以神经衰弱和抑郁症为例，南开大学出版社,
+,,2012，韓承樺。意識：從「學術」到「政治」場域的概念挪用（1890－1940）。東亞觀念史集刊，(2)，129-178,
+,,2025，彭兵，朱棠，哲学術語「意識」的生成与演変，或問第47号，81-92,
+,,2023，王晨阳.马克思主义“意识形态”概念在中国（1919-1949）[D].华中师范大学硕士论文,
+,,"2006，柳素平.明清时期中西日间“艺术”词义的互动及文化史意义[J].湖北社会科学,2006,(08):102-104.",
+,,2012，鄭硯文。中國「藝術」的流轉－「藝術」辭彙概念轉變初探。藝術學報，(90)，403-426,
+,,"2013，文韬.“艺术”内涵的近代衍化——文化交流向度的语词考察[J].近代史研究,2013,(01):22-35+160.",
+,,"2023，李冰楠.近代中国“艺术”概念的生成与重构[J].人文论丛,2023,39(01):37-50.",
+,,2025，熊怡萱.近代中国における“義務”の伝播と定着.Peking University-Waseda University Joint Research Initiative 編.Examining International Economic and Legal Governance in Asia-Pacific.早稲田大学出版社．,
+,疫苗,"2022，张萌秋,祝帅.摩登的“万克醒”——疫苗(vaccine)观念在近代中国的传播(1888—1949)[J].北大新闻与传播评论,2022,(00):171-186.",
+,银本位,2022，孙大权，术语革命 中国近代经济学主要术语的形成，社会科学文献出版社,
+,,2022，孙大权，术语革命 中国近代经济学主要术语的形成，社会科学文献出版社,
+,营养,"2024，劉超，思想史視域下 “營養” 概念在現代中國的語義變遷，南國學術 - 澳門大學學報，第十四卷第四期, 518～530",
+,营业税,2022，孙大权，术语革命 中国近代经济学主要术语的形成，社会科学文献出版社,
-,优秀,"2019，周菁，日本近代二字形容词的形成―基于词汇近代化视角的考察, 明治期における漢語形容動詞の発達―語彙近代化の視点から.　関西大学外国語教育学研究科博士論文",
+,优秀,"2005，田中牧郎，漢語「優秀」の定着と語彙形成—主体を表す語の分析を通して—雑誌『太陽』による確立期現代語の研究，『太陽コーパス』研究論文集 国立国語研究所報告122（Research on the Formative Era of Contemporary Japanese Based on the Taiyo Corpus）	，115-141。博文館新社",
+,,"2019，周菁，日本近代二字形容词的形成―基于词汇近代化视角的考察, 明治期における漢語形容動詞の発達―語彙近代化の視点から.　関西大学外国語教育学研究科博士論文",
+,友爱,"2024，孙江.博爱，还是友爱——Fraternité的跨文化之旅[J].上海师范大学学报(哲学社会科学版),2024,53(02):5-9.",
+,预算,2022，孙大权，术语革命 中国近代经济学主要术语的形成，社会科学文献出版社,
+,运动,"2015，杨长明.从日语“运动”相关概念考察日本“运动人类学”发展及对我国的启示[J].西安体育学院学报,2016,33(06):694-700.",
+,,2013，李玲。近代「報紙」、「雜誌」二種概念的起源。東亞觀念史集刊，(4)，391+392-415。https://doi.org/10.29425/JHIEA.201306_(4).0015,
+,债权,2022，孙大权，术语革命 中国近代经济学主要术语的形成，社会科学文献出版社,
+,债务,2022，孙大权，术语革命 中国近代经济学主要术语的形成，社会科学文献出版社,
-,哲学,"2001，陈启伟.“哲学”译名考[J].哲学译丛,2001(03):60-68.",
+,哲学,"1983，鲁军.“哲学”译名演变[J].哲学研究,1983,(11):77-78.",
+,,"2001，陈启伟.“哲学”译名考[J].哲学译丛,2001(03):60-68.",
+,,2015，孙彬，西周的哲学译词与中国传统哲学范畴，清华大学出版社,
+,,2022，孙彬.心理学概念的译介与中国传统哲学影响，中华思想文化术语学术论文集（第五辑），外语教学与研究出版社，2022,
+,政策,2022，孙大权，术语革命 中国近代经济学主要术语的形成，社会科学文献出版社,
+,,2022，孙大权，术语革命 中国近代经济学主要术语的形成，社会科学文献出版社,
+,证券,2022，孙大权，术语革命 中国近代经济学主要术语的形成，社会科学文献出版社,
+,正气,2024，王梓洋，中国語の”正气”と日本語の｢正気｣の意味や用い方の相違の考察，国際言語文化学会日本学研究9巻，83-92,
+,正直,2021，東泉裕子・高橋圭子，現代日本語における漢語「正直」の副詞用法，言語資源活用ワークショップ2021発表論文集，210-217,
+,,2024，孙宏云，政治学，学衡尔雅文库，江苏人民出版社,
+,,2013，潘光哲（2013）。「殖民地」的概念史：從「新名詞」到「關鍵詞」。近代史研究所集刊，(82)，55-92,
x,直接税,2022，孙大权，术语革命 中国近代经济学主要术语的形成，社会科学文献出版社,
+,直觉,"2024，杜永宽.近代中国哲学中“直觉”概念的生成与演变[J].人文杂志,2024,(10):54-65.",
+,指数,2022，孙大权，术语革命 中国近代经济学主要术语的形成，社会科学文献出版社,
+,制度,2022，孙大权，术语革命 中国近代经济学主要术语的形成，社会科学文献出版社,
+,,2025，田野村忠温，国名「中国」の歴史考―日本の中国史学界における通説の検証―，関西大学東西学術研究所紀要第58輯，137-178,
+,重工业,2022，孙大权，术语革命 中国近代经济学主要术语的形成，社会科学文献出版社,
+,,"2022，邓牧.“-主義”与“-イズム”的竞争——以日本大正时期新词词典『新しい言葉の字引』两版比较为中心[J].日本学研究,2022,(02):117-131.",
+,,"2024，邓牧，谢佳语.中日哲学词典中的“-ism”译词演变研究[J].日本学研究,2024,(02):136-159+319.",
+,,2025，王鸿，重建意义之网:清末民初的观念革命与思想变迁，上海人民出版社,
+,,2022，孙大权，术语革命 中国近代经济学主要术语的形成，社会科学文献出版社,
+,,2022，孙大权，术语革命 中国近代经济学主要术语的形成，社会科学文献出版社,
+,,2022，孙大权，术语革命 中国近代经济学主要术语的形成，社会科学文献出版社,
+,资源,2022，孙大权，术语革命 中国近代经济学主要术语的形成，社会科学文献出版社,
-,自然,"2023，王中江.近代“自然”语义身世之谜[J].探索与争鸣,2023(03):59-62.",
+,自然,2009，林淑娟。新「自然」考。臺大中文學報，(31)，269-310,
+,,2017，蔡英俊。「自然」概念的發展及其意義的轉換。政大中文學報，(27)，9-43,
+,,"2023，王中江.近代“自然”语义身世之谜[J].探索与争鸣,2023(03):59-62.",
+,自由贸易,2022，孙大权，术语革命 中国近代经济学主要术语的形成，社会科学文献出版社,
+,自由竞争,2022，孙大权，术语革命 中国近代经济学主要术语的形成，社会科学文献出版社,
+,,2006，星野靖二，近代日本における宗教概念の展開 : 宗教者の自己理解を中心に，東京大学人文社会系研究科博士論文,
+,,2012，星野靖二，『近代日本の宗教概念──宗教者の言葉と近代』，有志舎,
+,,"2018，谭杰.“宗教”概念之前史:RELIGIO概念在明末清初的译介[J].现代哲学,2018,(05):102-108.",
+,,2025，王鸿，重建意义之网:清末民初的观念革命与思想变迁，上海人民出版社,
+,租税,2022，孙大权，术语革命 中国近代经济学主要术语的形成，社会科学文献出版社,
+,,2025，王鸿，重建意义之网:清末民初的观念革命与思想变迁，上海人民出版社,
